level,TP,FP,FN,overall_precision,overall_recall
low,231,247,1231,48.32635983263599,15.800273597811218
medium,170,103,1292,62.27106227106227,11.627906976744185
high,89,38,1373,70.07874015748031,6.087551299589603
